{
  "joint_poses": [
    [
      -0.24114585600000002,
      1.1186662760000001,
      -1.2410184920000003,
      0.11167648799999999,
      1.13848266,
      0.022118992,
      0.0
    ],
    [
      -0.6216867160000001,
      1.4486369799999999,
      -1.4867346759999998,
      -0.29844939600000003,
      1.143314648,
      0.022118992,
      0.0
    ],
    [
      -0.3688184920000001,
      1.048715836,
      -1.263800356,
      0.29597234800000005,
      1.194355792,
      0.022485316,
      0.0
    ],
    [
      -0.9185312640000001,
      1.3478106600000002,
      -1.282064224,
      -0.046174268000000004,
      1.120445564,
      0.022014328000000003,
      0.0
    ],
    [
      -0.48525719200000006,
      1.8125537079999998,
      -1.647812572,
      -0.6122320680000001,
      1.1813425680000003,
      2.0040888279999995,
      0.0
    ],
    [
      -0.4876121320000001,
      0.909390608,
      -1.031934708,
      -0.853674472,
      1.1795458360000002,
      0.5574230200000001,
      0.0
    ],
    [
      -0.5341876120000001,
      1.4605163440000002,
      -1.121335208,
      -0.07645705200000001,
      0.9459009,
      -0.5691628320000001,
      0.0
    ],
    [
      -0.5728609600000001,
      1.4605163440000002,
      -1.121335208,
      -0.17763225200000002,
      0.6293969640000001,
      -0.5691628320000001,
      0.0
    ],
    [
      -0.668209864,
      1.4605163440000002,
      -1.121335208,
      -0.21791044800000003,
      0.9329748959999999,
      -0.5691628320000001,
      0.0
    ],
    [
      -0.7790141520000002,
      1.4576729720000003,
      -1.121335208,
      0.179045216,
      1.288309176,
      -1.4203253680000003,
      0.0
    ]
  ],
  "calib_result": {
    "frame_id": "end_effector",
    "stamp": 1765359526.4459257,
    "position": {
      "x": -0.06388606881200624,
      "y": 0.009405562203928537,
      "z": 0.07321678162756709
    },
    "orientation": {
      "x": 0.24359131083655725,
      "y": -0.2317558674652538,
      "z": 0.6662564306539276,
      "w": -0.6656236622842095
    }
  },
  "R_gripper2left": [
    [
      0.004783173015431519,
      0.7740446596846965,
      0.6331129331087044
    ],
    [
      -0.999859521884395,
      -0.006468716205568326,
      0.015462606758271547
    ],
    [
      0.01606417607639976,
      -0.6330979549202904,
      0.7739049823607109
    ]
  ],
  "t_gripper2left": [
    -0.06388606881200624,
    0.009405562203928537,
    0.07321678162756709
  ],
  "R_base2gripper_samples": [
    [
      [
        -0.826502352904681,
        0.23472987019751543,
        0.5116597977954529
      ],
      [
        0.2585507963403417,
        0.9656646300555213,
        -0.025363516544602317
      ],
      [
        -0.5000453442986958,
        0.11132704207330196,
        -0.8588136837221493
      ]
    ],
    [
      [
        -0.7803764310075619,
        0.5916961282648437,
        0.20225804736596692
      ],
      [
        0.4682303684668673,
        0.7673159499400622,
        -0.4381627038132774
      ],
      [
        -0.4144550011440106,
        -0.24722848695887303,
        -0.8758453786272694
      ]
    ],
    [
      [
        -0.745898202490012,
        0.30466414700772654,
        0.5922969095396525
      ],
      [
        0.39869089551659026,
        0.9165740800923956,
        0.030619038766067377
      ],
      [
        -0.5335554716750154,
        0.2589820712536546,
        -0.8051377803921629
      ]
    ],
    [
      [
        -0.563856189839627,
        0.8034310254066209,
        0.1912192056086531
      ],
      [
        0.7435265390050921,
        0.5946253244691231,
        -0.30592320816685253
      ],
      [
        -0.3594919790129507,
        -0.030320140402971596,
        -0.9326554594872087
      ]
    ],
    [
      [
        0.7001391871447967,
        0.7138959084493288,
        -0.012559877528514035
      ],
      [
        0.6005583409960238,
        -0.5983175402706148,
        -0.5304203993669789
      ],
      [
        -0.3861797478951058,
        0.3638251680461773,
        -0.8476416987217205
      ]
    ],
    [
      [
        -0.5111166809220535,
        0.8543300006501089,
        0.09423369075022242
      ],
      [
        0.4850994402747475,
        0.37723582148591683,
        -0.7889053606314081
      ],
      [
        -0.7095338410029153,
        -0.35750997884958446,
        -0.6072465261280786
      ]
    ],
    [
      [
        -0.9776793920807327,
        -0.039414410142493375,
        0.20637226212301052
      ],
      [
        -0.08043141515357326,
        0.9776342030456606,
        -0.19432486328740836
      ],
      [
        -0.19409738214886568,
        -0.20658622729600276,
        -0.9589829700962171
      ]
    ],
    [
      [
        -0.921662121920959,
        0.0018961139809129945,
        0.38798883716922467
      ],
      [
        -0.15381996171182588,
        0.9162597421424711,
        -0.3698749847015681
      ],
      [
        -0.3561998770285136,
        -0.4005801913235154,
        -0.8441902379938352
      ]
    ],
    [
      [
        -0.9904632883986768,
        0.0363084306453541,
        0.13290662962603128
      ],
      [
        -0.006257921340690588,
        0.9517998750452914,
        -0.3066558923031833
      ],
      [
        -0.13763470766842667,
        -0.30456312273129743,
        -0.9424956188318263
      ]
    ],
    [
      [
        -0.8234409095770464,
        -0.5597361933570058,
        0.09295408695229661
      ],
      [
        -0.5503303633419381,
        0.8277589109727596,
        0.10932372335921312
      ],
      [
        -0.13813601854280055,
        0.03886616975468435,
        -0.9896503732277088
      ]
    ]
  ],
  "t_base2gripper_samples": [
    [
      0.199626,
      -0.039338,
      0.379678
    ],
    [
      0.227888,
      -0.188919,
      0.368084
    ],
    [
      0.175472,
      -0.044858,
      0.402378
    ],
    [
      0.157789,
      -0.210375,
      0.337758
    ],
    [
      0.320132,
      -0.219346,
      0.294038
    ],
    [
      0.096569,
      -0.118645,
      0.38237
    ],
    [
      0.241071,
      -0.148284,
      0.267142
    ],
    [
      0.254424,
      -0.173819,
      0.274481
    ],
    [
      0.217306,
      -0.188166,
      0.265898
    ],
    [
      0.192868,
      -0.171379,
      0.263701
    ]
  ],